id,user_id,user,location,text
1,739506665876299776,Radreezy3000,Jamaica,Greyhound a move shirmzy with the wifi...100 MB dawgüòí really?? A Digicel uncle üôÑ
2,25299596,sheppardart,"13.053252,-59.534825",4DX late show ‚Äî watching Ford v Ferrari at Digicel IMAX - One Woodbrook Place https://t.co/OnDFFGKxFl
3,9339422,iBrianJones,I am everywhere and nowhere,Digicel really scammed us into believing these plans are unlimited eno smh fuckers
4,147405220,whonamesimone,,How many megabytes per min/sec does digicel gives for their 'Play Fast'  home internet plan?
5,967808520,pontuna2run,Lorengau Manus PNG ,Lately telikom is dropping the data ball. Evennat its worst its still 100% better then digicel
6,1175350345,smiletinaa_,876~,I swear Digicel need fi give you a brand ambassadorship https://t.co/r1yBhtvEN3
7,83968667,LiseMariexx,Jamaica,"Every time I open YouTube I get a text from Digicel about getting more data for YouTube.. 

How do I change whateve‚Ä¶ https://t.co/q1bemG8FhX"
8,25246209,Chunchi,Jamaica,@Lloydie_D I've never had to do that. I use my Jamaican cards abroad and my US bank card here without issue. Only o‚Ä¶ https://t.co/R1oBNrNRVH
9,127573027,russ_mc_876,"Kingston, Jamaica",DIGICEL SO THIEF THEY SAID. FLOW NEVER SCAMS THEIR CUSTOMERS THEY SAID. FLOW IS HONEST AND RELIABLE AND CHEAP THEY‚Ä¶ https://t.co/giV0UdETid
10,146615839,rhizophil,Jamaica,If Digicel doesn't stop making my phone not ring but making me miss calls. ...I am going to commit a high crime and misdemeanor!!
11,1084653178682032128,keshonnn_,Trinidad and Tobago,"How I use up all my data if I bought an unlimited plan from Digicel ?

Why inter-regional flights still so expensiv‚Ä¶ https://t.co/P5zgcVcgu1"
12,887061841616269313,theofficialoura,"Chicago, IL","Your happiness is our happiness.  If we fell short, please give us a ring, and we will fix it.
#mobilerecharge‚Ä¶ https://t.co/rDtnhT0yyf"
13,959209196477706240,krisshotit,Barbados,Here filming people answering questions for prizes in town with digicel. The amount of people that said the hibiscu‚Ä¶ https://t.co/jVVMrcDuFw
14,253771646,TeyannaChante,Barbados,Only thing that does offset me now is Digicel telling me I used up 95% of my data plan .
15,408625247,stann360,Jamaica,"@SH3DXZ Coverage is fine, just that Digicel goes down when there‚Äôs a power outage."
16,2191448766,soshi_bear,,"@AndreMumbles @FLOWJamaica I have them and digicel and when one go down, I switch to the other only to find out tha‚Ä¶ https://t.co/Mkgu1aqotU"
17,2773820450,JahMekAWail,Jamaica,@stbessgirl @stann360 @DeniseWhorms @DIGICELJamaica Sounds like Mandeville when I was a boy. Did have a box radio t‚Ä¶ https://t.co/X1AkFpB4Pc
18,3924839293,Immortal777_33,Jamaica,"@DPLedford @DIGICELJamaica Hey, where in Jamaica you did this speed test?. Would love to get LTE and get LTE speeds like this from Digicel"
19,1551368346,ericka_nunez,,"@AmelieLens Go for Tigo, Claro, or Digicel. They offer really cheap data plans and most have free roaming around the American continent :)"
20,416262017,sAniBoo2cute,Montego bay Jamaica,Why on Gods earth mi so loyal to digicel üòü
21,106384090,DevTelecoms,London,Jamaican regulator tasks operators with addressing QoS #LatinAmerica #Caribbean #Digicel #Jamaica #QoS #Flow‚Ä¶ https://t.co/PA3AGJxwCS
22,1009179344432979969,BayCorner,,@AndreMumbles @FLOWJamaica VERY serious question.  ALL over the Island communications are failing.  For days it see‚Ä¶ https://t.co/HD49tgqfnE
23,720232832,Niggawhatyuwant,759,Digicel okay? My service keeps dropping
24,64227578,Spinal_Lfcfan,,Digicel stop messaging me...now its courts turn...but not one from babes üò•
25,30692407,shahadali,Trinidad and Tobago,"ALTA invited Ms. Alicia Hospedales, Senior Government Relations Executive at Digicel Foundation to our Community Cl‚Ä¶ https://t.co/gRZUyU02Qa"
26,147588576,ALTA_TT,Trinidad and Tobago,"ALTA invited Ms. Alicia Hospedales, Senior Government Relations Executive at Digicel Foundation to our Community Cl‚Ä¶ https://t.co/HW4k4CEBjJ"
27,993714656,askanonpro,,Digicel and Flow not making us be great. Honorable mention to JPS https://t.co/PYzGyk1lRB
28,48160039,audiealex,St. Lucia,So flow jus pitch a whole tent outside digicel üòÇüòÇüòÇüòÇüòÇüòÇ
29,1173709137647194112,jermecaaaa,"Norland, FL",@Gaza_Youthh Me ain‚Äôt letting nothing flow. Me is a digicel gal. üòÇüòÇü•¥ I hope I funny cause I dyinggg. ü§£ü§¶üèΩ‚Äç‚ôÄÔ∏è
30,207773380,sprekklespree,Jamaica,These people with FLOW phones are pissing me off...mi have DIGICEL unlimited minutes and all mi can hear when mi me‚Ä¶ https://t.co/UYyNbR2Xnr
31,50031182,tiffyMontana,jfk to misery bay,Disney plus comin like Digicel ... almost 40 minutes now and mi cah get somebody ??
32,34048949,pbcjamaica,Jamaica,Digicel welcomes stiffer penalties for equipment theft as this threatens the reliability of telecommunications serv‚Ä¶ https://t.co/xOOuHDWn0I
33,359722931,jo_stice,,"Oh, I was also told by a Digicel networking blah blah that if the CAC can trust that the networks aren't lying to m‚Ä¶ https://t.co/OJ15QGEsow"
34,359722931,jo_stice,,"And since we're told repeatedly not to trust the data monitoring on our phones, and we don't have proof of how data‚Ä¶ https://t.co/d0a8dYvUZF"
35,359722931,jo_stice,,You guys ever question how you know you're being fairly charged for data usage by Digicel/Flow especially with the‚Ä¶ https://t.co/js4Lsi5cW4
36,83186542,TeraLepido,Jamaica,I don‚Äôt see the need for the 35 messages from Digicel about wen a bill will become due. Sis...keep that energy in e‚Ä¶ https://t.co/gBkGIfa8mx
37,578657228,dj_kodica,PNG,"Text CATCH to 1699 and WIN K50000. 3 more days to go.

What happened to all those texting games??üòÇüòÅ
#DigiCel"
38,2151819632,TAVIODAVIS,Barbados,So I guess I have to walk in Digicel and wait in a line to pay them 42cents ..
39,44383567,TriniTweets,"Port of Spain, T&T",Digicel CEO: Customer data confidentiality of paramount importance - Loop News Trinidad and Tobago...‚Ä¶ https://t.co/ZGpXDybj2i
40,2151819632,TAVIODAVIS,Barbados,It's how Digicel sent me a bill saying I got $0.42 for them... I'm not bullshitting. https://t.co/wha5bL5Edn
41,745035166880456705,khafre_,,@_KimJongGill @Flowtt Digicel my guy. Good internet speeds and if they mess up you get a rebate and all for the inc‚Ä¶ https://t.co/MvwShsqzM2
42,1240626686,GershonKnight90,St. Kitts,"I know she wanted to say me scunthole ya! But she kept it professional with a ""wow is long time you throw us way""..‚Ä¶ https://t.co/J99e5pqfj2"
43,1240626686,GershonKnight90,St. Kitts,üòÇ I just remember the girl down FLOW yesterday... went to report somn about my line so I had to leave me phone numb‚Ä¶ https://t.co/8m76sZhlGw
44,1147951891785105408,realmanidan,Jamaica,@DamienWKing So nobody gonna acknowledge the fact that he said FLOW parking lot and is mainly RED (Digicel color) cars....  üôÇüôÇ
45,1175104932271312897,denisobrien_,Ireland,Great interview by @DigicelGroup CEO Jean-Yves Charlier on the need to work with regulators to bring 5G service to‚Ä¶ https://t.co/rKHXYg1S4R
46,1240626686,GershonKnight90,St. Kitts,Me big fren in DIGICEL! You could hold me phone so long or wa?
47,872597917382705152,_Jistudios,Adobe Lightroom,What‚Äôs the cost and requirements to get a replacement chip from Digicel. Just lost my sim card
48,2290898246,SwiftySingut,Papua New Guinea,about 2 to 3 months ago I can't wait to watch the Great Britain Lions vs PNG Kumuls game I also did a flyer for the‚Ä¶ https://t.co/mY21A4xC7y
49,44961935,cricketycom,,Vintage West Indies Cricket Jersey Small Admiral Digicel With Tag  https://t.co/uMVbKrWYoa
50,217323102,onebignut_,Fiji,Goes to vodafone and asks for digicel rechargeüôÑüëê
51,478961804,OfficialDigicel,Lv 2 SNPF Plaza. Apia,"Digicel partnership with EPC on Energy Insight App project. 
Read More: https://t.co/klpHoUZhXg https://t.co/jhDNiS9A83"
52,922035653474385920,BellaMieLuna,,Can't make calls to a digicel #..
53,40954616,JamaicaGleaner,Jamaica,"Telecoms provider Digicel says it welcomes plans by Minister of Science, Technology and Energy Faval Williams to pu‚Ä¶ https://t.co/G4wia4PTi1"
54,56954334,serMykal,,Right beside the router an cyaa get a steady connection...digicel smh
55,51601756,ImSOCraziRandom,saint lucia,So digicel doing that the person with the last comment thing again
56,147405220,whonamesimone,,Mi a wonder if a slow digicel internet too slow mek Netflix nah connect pan mi TV. Cuz my sister sign out of all he‚Ä¶ https://t.co/9jtwhvESud
57,227575859,Obey_Devi,"Camp Nou, barca",Digicel annoying the life outta me rn
58,420872350,anrkiss,Kanye West Stan,Is Digicel WiFi down     ?????
59,284262128,kymo876,Jamaica,The way Digicel and Flow relax dem deven advertise pan tv anymore
60,948960230,_xensations,,When your phone goes ping and you think it's bae but it's a text from digicel https://t.co/D9gAWLIAtX
61,80408407,miirahmajestic,üáØüá≤,"Bwoy, if Digicel data plans never suh expensive mo switch back because I didn‚Äôt have these problems before"
62,258992252,Charmanderz_,Ichirouganaim,Meanwhile is only Digicel that text me https://t.co/A4ZdJhlJeG
63,865538278006562816,trinibeachboy90,Trinidad and Tobago,"@TriniOfArabia @AzelliaR Ummm. I am not going to get upset at Nike, KFC, Levi's, etc for identifying their target m‚Ä¶ https://t.co/ndYInntBXC"
64,992243020471791619,MsRandomFj,Fiji,@Navunivuwai @fkrfn7 Digicel all the way ‚ù§Ô∏è
65,1054141530624147456,ekonomy_,dey,Aru a drape up digicel jack
66,395684663,simzticker,,Legit annoyed with digicel tho. Why can‚Äôt I get and make calls all I get is 123 messages üò°
67,553215349,LomahsC,,Facebook is one strange app. I was in Digicel HQ the other day to enquire about my phone bill and to my surprise th‚Ä¶ https://t.co/VncT8F1QWy
68,887061841616269313,theofficialoura,"Chicago, IL","Here at Loura Mobile Recharge, we understand in this ever busy world, nobody has time to visit or call stores for r‚Ä¶ https://t.co/DA0aG3Ou9a"
69,814575123281756160,Navunivuwai,Fidji,And that‚Äôs why I‚Äôm with DIGICEL https://t.co/qtlErOGukC
70,840273601899184128,d_onlysabriena,Jamaica,What's a Flow..Digicel av dem ways but their internet waaay better than Flow https://t.co/cawq7hQgVB
71,70960892,JustMoxoxo,Jamaica,Digicel internet or Flow? ü§îü§îü§î
72,32316333,allyisroaming,"Kingston, Jamaica",@Yappityyapp No problem. Had to make sure people understood the clarification. But even if it's not affecting the e‚Ä¶ https://t.co/ki6cYvKW7m
73,211524963,MrJordan35,St. Lucia,#digicel LteParty @ Sandals Grande St. Lucian https://t.co/L5B6SxN4qb
74,1406199391,__Daviann,"Pizza Hut , Jamaica",Digicel pissing me offf
75,1406199391,__Daviann,"Pizza Hut , Jamaica",Literally tired of digicel
76,1969764030,Countryxxxx,Kingston,@allyisroaming @guruintraining_ So digicel raising prices again? 4 times in 2 years. I can't keep up
77,210282068,Jerry876_JA,,@TheOURja we need your intervention. How is digicel cutting the internet speed and increasing the price ? This need‚Ä¶ https://t.co/BFZZIQIzw0
78,1175050219,C_GalvanPaz,Mexico D.F. Coyoacan,TRINIDA AND TOBAGO: Digicel T&amp;T launches LTE-A.#telecoms
79,1536471,Bertitude,Jehovah's Witness Protection,@allyisroaming Indeed. What I do at home is flow cable and Digicel internet
80,1536471,Bertitude,Jehovah's Witness Protection,@allyisroaming The plain internet plans from Digicel are faster for the money. Most of this is because of the licensing fees for cable
81,32316333,allyisroaming,"Kingston, Jamaica","Digicel communicates poorly and prices have changed a few times since I signed up.
Tell us this BEFORE you roll thi‚Ä¶ https://t.co/CXlsBFHkij"
82,179508021,peter_haas,Providence RI,This is why Microwave links are important as backup! Somebody cut a fiber line of Digicel in #Haiti! https://t.co/rARk7p2g5W
83,8609982,macmark,Trinidad and Tobago,A Digicel triumphant https://t.co/oCBQF2scrj https://t.co/zPbLCpm0fH
84,2445810937,technewstnt,Trinidad and Tobago,A Digicel triumphant https://t.co/VHtOnJUXuP https://t.co/GQk3DxLqgT
85,1051508813264814080,changlvmore,Saint Lucia,@MavMill Digicel have there own internet
86,32316333,allyisroaming,"Kingston, Jamaica",@scsquared My mind was just changed by an exchange I had with someone who appears to work for Digicel. Left a bad taste in my mouth.
87,1059219933593325568,born2skinny,üáØüá≤,From them stop give free text digicel hasn‚Äôt been the same https://t.co/ngHJu2Rpne
88,1344241002,CoramDeoHaiti,,"""DIGICEL : Sabotage of a major optical fiber
The CEO of Digicel Haiti, Maarten Boute said ""Today [Wednesday], anoth‚Ä¶ https://t.co/XzS4lrK7p9"
89,1132429111039877120,blaqsbi,"Charlotte, NC",#HaitiNews #ZappingHaitiLibrecom #Haitinews Post: Haiti - News : Zapping... - https://t.co/2NdaRYavHr : Haiti news‚Ä¶ https://t.co/glN1QMS1CT
90,3924839293,Immortal777_33,Jamaica,"@Brandysull Digicel seems like it's going down, and I really feel it for them. Who the hell was running the company‚Ä¶ https://t.co/Q2yZFGOAlr"
91,32316333,allyisroaming,"Kingston, Jamaica",@kadsbrezi Then why are you still in my mentions and constantly quoting me? Do you work for Digicel? Because if so‚Ä¶ https://t.co/xYtKPAXz6F
92,32316333,allyisroaming,"Kingston, Jamaica",Jamaicans take note. Your existing package isn‚Äôt going to change unless you request it. Let‚Äôs ensure we cuss Digice‚Ä¶ https://t.co/W3QXxV6tes
93,32316333,allyisroaming,"Kingston, Jamaica","@odealiaj Thank you for replying!
Also, please see this tweet in reply to my original post. I'm going to call Digic‚Ä¶ https://t.co/lfKYu1JCna"
94,32316333,allyisroaming,"Kingston, Jamaica","I'm going to call Digicel to confirm this (and also how long this ""grandfathering"" will last) but this is giving me‚Ä¶ https://t.co/a7tsJ1BmKm"
95,735038804,wincee5,Kingston Jamaica,"If you do sales or any other job that requires moving about, you feeling it hard. Cos di gas allowance nah move, yu‚Ä¶ https://t.co/mmH21lPXnw"
96,3173875058,De_Hum_A_Vamp,Dolphin Castle Fort Augusta Dr,"@depass_danny Flow- home service was always trash
        - cell service was atrocious

I've never used Digicel hom‚Ä¶ https://t.co/iQxWHcEhMT"
97,779322778604359680,aimfinancialja,19 West Kings House Rd Jamaica,üéÖüèæ AIM Trivia #4. Follow @aimfinancialja and reply to this post with your answer for a chance to win win $200 Digic‚Ä¶ https://t.co/3PUfrkdy3L
98,286946589,Nasturalista,Narnia,@J_Skally Jason. Again. Nuh mek mi rude to yuh. I tweeted Digicel directly. And you run in for no reason. Please go‚Ä¶ https://t.co/ckOFXjq3vV
99,90791900,Di876_Victor,"18.1096¬∞ N, 77.2975¬∞ W",Nearly gi when me 3 points on a stairs inna the place beside digicel üò≠üò≠üò≠
100,180673670,whittysan,,That's literally Digicel's most consistent service slogan over the years: Offering Less For More $$$.
